{
    "compatibilities": [
        "EC2",
        "FARGATE",
        "MANAGED_INSTANCES"
    ],
    "containerDefinitions": [
        {
            "cpu": 0,
            "environment": [
                {
                    "name": "ADMIN_PASSWORD",
                    "value": "AdminPassword123!"
                },
                {
                    "name": "FLASK_ENV",
                    "value": "production"
                },
                {
                    "name": "DB_USER",
                    "value": "root"
                },
                {
                    "name": "SECRET_KEY",
                    "value": "somerandomsupersecret123!"
                },
                {
                    "name": "DB_NAME",
                    "value": "expense_db"
                },
                {
                    "name": "DB_HOST",
                    "value": "mysql.internal"
                },
                {
                    "name": "ADMIN_USERNAME",
                    "value": "admin"
                },
                {
                    "name": "DB_PASSWORD",
                    "value": "rootpassword"
                }
            ],
            "environmentFiles": [],
            "essential": true,
            "image": "407688391909.dkr.ecr.us-east-1.amazonaws.com/expense-tracker:latest",
            "logConfiguration": {
                "logDriver": "awslogs",
                "options": {
                    "awslogs-group": "/ecs/expense-app-task",
                    "awslogs-create-group": "true",
                    "awslogs-region": "us-east-1",
                    "awslogs-stream-prefix": "ecs"
                },
                "secretOptions": []
            },
            "mountPoints": [],
            "name": "expense-tracker",
            "portMappings": [
                {
                    "appProtocol": "http",
                    "containerPort": 5000,
                    "hostPort": 5000,
                    "name": "expense-tracker-5000-tcp",
                    "protocol": "tcp"
                }
            ],
            "systemControls": [],
            "ulimits": [],
            "volumesFrom": []
        }
    ],
    "cpu": "512",
    "enableFaultInjection": false,
    "executionRoleArn": "arn:aws:iam::407688391909:role/ecsTaskExecutionRole",
    "family": "expense-app-task",
    "memory": "1024",
    "networkMode": "awsvpc",
    "placementConstraints": [],
    "registeredAt": "2025-12-08T16:08:31.315Z",
    "registeredBy": "arn:aws:iam::407688391909:root",
    "requiresAttributes": [
        {
            "name": "com.amazonaws.ecs.capability.logging-driver.awslogs"
        },
        {
            "name": "ecs.capability.execution-role-awslogs"
        },
        {
            "name": "com.amazonaws.ecs.capability.ecr-auth"
        },
        {
            "name": "com.amazonaws.ecs.capability.docker-remote-api.1.19"
        },
        {
            "name": "ecs.capability.execution-role-ecr-pull"
        },
        {
            "name": "com.amazonaws.ecs.capability.docker-remote-api.1.18"
        },
        {
            "name": "ecs.capability.task-eni"
        },
        {
            "name": "com.amazonaws.ecs.capability.docker-remote-api.1.29"
        }
    ],
    "requiresCompatibilities": [
        "FARGATE"
    ],
    "revision": 1,
    "runtimePlatform": {
        "cpuArchitecture": "X86_64",
        "operatingSystemFamily": "LINUX"
    },
    "status": "ACTIVE",
    "taskDefinitionArn": "arn:aws:ecs:us-east-1:407688391909:task-definition/expense-app-task:1",
    "volumes": [],
    "tags": []
}